date,close,high,low,open,volume,adjClose,adjHigh,adjLow,adjOpen,adjVolume,divCash,splitFactor
2023-01-03,125.07,130.9,124.17,130.28,112117471,123.483991111611,129.240061057887,122.595403984399,128.627923259141,112117471,0.0,1.0
2023-01-04,126.36,128.6557,125.08,126.89,89113633,124.757632660616,127.024220958328,123.493864301914,125.280911746641,89113633,0.0,1.0
2023-01-05,125.02,127.77,124.76,127.13,80962708,123.434625160099,126.149752493248,123.177922212238,125.517868313897,80962708,0.0,1.0
2023-01-06,129.62,130.29,124.89,126.01,87754715,127.976292699185,128.637796449443,123.306273686169,124.412071000033,87754715,0.0,1.0
2023-01-09,130.15,133.41,129.89,130.465,70790813,128.49957178521,131.718231823779,128.242868837349,128.810577279734,70790813,0.0,1.0
2023-01-10,130.73,131.2636,128.12,130.26,63896155,129.072216822747,129.599050257281,126.495314153831,128.608176878536,63896155,0.0,1.0
2023-01-11,133.49,133.51,130.46,131.25,69458949,131.797217346198,131.816963726803,128.805640684583,129.585622718469,69458949,0.0,1.0
2023-01-12,133.41,134.26,131.44,133.88,71379648,131.718231823779,132.55745299948,129.773213334214,132.18227176799,71379648,0.0,1.0
2023-01-13,134.76,134.92,131.66,132.03,57809719,133.051112514598,133.209083559435,129.990423520866,130.355731562053,57809719,0.0,1.0
2023-01-17,135.94,137.29,134.13,134.83,63646627,134.216148970276,135.549029661095,132.429101525549,133.120224846714,63646627,0.0,1.0
2023-01-18,135.21,138.61,135.03,136.815,69672800,133.495406078204,136.852290781006,133.317688652761,135.080053121733,69672800,0.0,1.0
2023-01-19,135.27,136.25,133.77,134.08,58280413,133.554645220018,134.522217869649,132.073666674664,132.379735574037,58280413,0.0,1.0
2023-01-20,137.87,138.02,134.22,135.28,80223626,136.121674698631,136.269772553167,132.51796023827,133.56451841032,80223626,0.0,1.0
2023-01-23,141.11,143.315,137.9,138.12,81760313,139.320588356596,141.497626818266,136.151294269539,136.36850445619,81760313,0.0,1.0
2023-01-24,142.53,143.16,140.3,140.305,66435142,140.722581379531,141.34459236858,138.520859942105,138.525796537256,66435142,0.0,1.0
2023-01-25,141.86,142.43,138.81,140.89,65799349,140.061077629273,140.623849476507,137.049754587053,139.103378169944,65799349,0.0,1.0
2023-01-26,143.96,144.25,141.9,143.17,54105068,142.134447592768,142.420770111537,140.100570390482,141.354465558882,54105068,0.0,1.0
2023-01-27,145.93,147.23,143.08,143.155,70555843,144.079466082333,145.36298082164,141.265606846161,141.339655773429,70555843,0.0,1.0
2023-01-30,143.0,145.55,142.85,144.955,64015274,141.186621323742,143.704284850844,141.038523469207,143.116830027853,64015274,0.0,1.0
2023-01-31,144.29,144.34,142.28,142.7,65874459,142.460262872746,142.509628824258,140.475751621972,140.890425614671,65874459,0.0,1.0
2023-02-01,145.43,146.61,141.32,143.97,77663633,143.585806567215,144.750843022894,139.527925352946,142.144320783071,77663633,0.0,1.0
2023-02-02,150.82,151.18,148.17,148.9,118338980,148.907456140187,149.262890991072,146.291060710062,147.011803602134,118338980,0.0,1.0
2023-02-03,154.5,157.38,147.83,148.03,154357337,152.540790171455,155.384268978535,145.955372239782,146.152836045829,154357337,0.0,1.0
2023-02-06,151.73,153.1,150.78,152.575,69858306,149.805916457702,151.158543529125,148.867963378978,150.640201038251,69858306,0.0,1.0
2023-02-07,154.65,155.23,150.64,150.64,83322551,152.688888025991,153.261533063528,148.729738714745,148.729738714745,83322551,0.0,1.0
2023-02-08,151.92,154.58,151.168,153.88,64120079,149.993507073447,152.619775693874,149.251043162709,151.928652372709,64120079,0.0,1.0
2023-02-09,150.87,154.33,150.42,153.775,56007143,148.956822091699,152.372945936315,148.512528528093,151.824983874534,56007143,0.0,1.0
2023-02-10,151.01,151.3401,149.22,149.46,57450708,149.322130132886,149.64854053721,147.552137331496,147.789454802074,57450708,0.23,1.0
2023-02-13,153.85,154.26,150.92,150.952,62199013,152.130386868052,152.535804213622,149.23313608142,149.26477841083,62199013,0.0,1.0
2023-02-14,153.2,153.77,150.86,152.12,61707573,151.487652051905,152.051281044526,149.173806713775,150.419723434307,61707573,0.0,1.0
2023-02-15,155.33,155.5,152.88,153.11,65669252,153.593844603279,153.761944478272,151.171228757802,151.398658000438,65669252,0.0,1.0
2023-02-16,153.71,156.33,153.3475,153.51,68167942,151.991951676882,154.582667397352,151.633503414031,151.794187118067,68167942,0.0,1.0
2023-02-17,152.55,153.0,150.85,152.35,59144118,150.844917235758,151.28988749309,149.163918485835,150.647152676943,59144118,0.0,1.0
2023-02-21,148.48,151.3,148.405,150.2,58867230,146.820408463883,149.608888743167,146.746246754327,148.521183669687,58867230,0.0,1.0
2023-02-22,148.91,149.95,147.16,148.87,51011305,147.245602265334,148.273977971169,145.515162375707,147.206049353571,51011305,0.0,1.0
2023-02-23,149.4,150.34,147.24,150.09,48394249,147.73012543443,148.659618860858,145.594268199233,148.41241316234,48394249,0.0,1.0
2023-02-24,146.71,147.19,145.7202,147.11,55469606,145.070192118375,145.544827059529,144.091455316802,145.465721236004,55469606,0.0,1.0
2023-02-27,147.92,149.17,147.45,147.71,44998470,146.266667699202,147.502696191793,145.801920985988,146.059014912447,44998470,0.0,1.0
2023-02-28,147.41,149.08,146.83,147.05,50546998,145.762368074225,147.413702140326,145.188850853663,145.406391868359,50546998,0.0,1.0
2023-03-01,145.31,147.2285,145.01,146.83,55478991,143.685840206673,145.582896737101,143.389193368451,145.188850853663,55478991,0.0,1.0
2023-03-02,145.91,146.71,143.9,144.38,52279761,144.279133883117,145.070192118375,142.291600067031,142.766235008186,52279761,0.0,1.0
2023-03-03,151.03,151.11,147.33,148.045,70732297,149.341906588768,149.421012412293,145.683262250699,146.390270548461,70732297,0.0,1.0
2023-03-06,153.83,156.3,153.46,153.785,87558028,152.110610412171,154.55300271353,151.744745978364,152.066113386437,87558028,0.0,1.0
2023-03-07,151.6,154.0299,151.13,153.7,56182028,149.905535581389,152.308276088706,149.440788868175,151.982063448941,56182028,0.0,1.0
2023-03-08,152.87,153.47,151.83,152.81,47204791,151.161340529861,151.754634206305,150.132964824026,151.102011162217,47204791,0.0,1.0
2023-03-09,150.59,154.535,150.225,153.559,53833582,148.906824559376,152.807730481992,148.545904239539,151.842639434977,53833582,0.0,1.0
2023-03-10,148.5,150.94,147.6096,150.21,68572400,146.840184919764,149.252912537301,145.959737103922,148.531071897628,68572400,0.0,1.0
2023-03-13,150.47,153.14,147.7,147.805,84457122,148.788165824087,151.428322684261,146.049126684506,146.152953077884,84457122,0.0,1.0
2023-03-14,152.59,153.4,150.1,151.28,73695893,150.884470147521,151.685416610719,148.42230139028,149.589112287286,73695893,0.0,1.0
2023-03-15,152.99,153.245,149.92,151.19,77167866,151.27999926515,151.532149077638,148.244313287347,149.500118235819,77167866,0.0,1.0
2023-03-16,155.85,156.46,151.64,152.16,76254419,154.108032456197,154.711214360581,149.945088493152,150.45927634607,76254419,0.0,1.0
2023-03-17,155.0,156.74,154.28,156.08,98944633,153.267533081235,154.988084742922,152.555580669503,154.335461698834,98944633,0.0,1.0
2023-03-20,157.4,157.82,154.15,155.07,73641415,155.640707787009,156.05601336052,152.427033706274,153.336750676821,73641415,0.0,1.0
2023-03-21,159.28,159.4,156.54,157.32,73938285,157.499694639866,157.618353375154,154.790320184107,155.561601963484,73938285,0.0,1.0
2023-03-22,157.83,162.14,157.81,159.3,75701811,156.065901588461,160.327727830913,156.046125132579,157.519471095747,75701811,0.0,1.0
2023-03-23,158.93,161.5501,157.68,158.83,67622060,157.15360666194,159.74442126469,155.91757816935,157.054724382533,67622060,0.0,1.0
2023-03-24,160.25,160.34,157.85,158.86,59256343,158.458852750116,158.547846801583,156.085678044342,157.084389066355,59256343,0.0,1.0
2023-03-27,158.28,160.77,157.87,159.94,52390266,156.510871845793,158.973040603034,156.105454500223,158.152317683954,52390266,0.0,1.0
2023-03-28,157.65,158.49,155.98,157.97,45992152,155.887913485528,156.718524632548,154.236579419426,156.204336779631,45992152,0.0,1.0
2023-03-29,160.77,161.05,159.35,159.37,51305691,158.973040603034,159.249910985374,157.568912235451,157.588688691332,51305691,0.0,1.0
2023-03-30,162.36,162.47,161.271,161.53,49501689,160.545268845609,160.654039352957,159.468440822864,159.724545926529,49501689,0.0,1.0
2023-03-31,164.9,165.0,161.91,162.44,68749792,163.056878742553,163.15576102196,160.100298588276,160.624374669135,68749792,0.0,1.0
2023-04-03,166.17,166.29,164.22,164.27,56976187,164.312683691025,164.431342426314,162.384479242584,162.433920382287,56976187,0.0,1.0
2023-04-04,165.63,166.84,165.11,166.595,46278295,163.778719382226,164.975194963054,163.264531529308,164.732933378506,46278295,0.0,1.0
2023-04-05,163.76,165.05,161.8,164.74,51511744,161.92962075731,163.205202161664,159.991528080928,162.898667095501,51511744,0.0,1.0
2023-04-06,164.66,164.9584,162.0,162.43,45390123,162.819561271976,163.114625993727,160.189292639743,160.614486441194,45390123,0.0,1.0
2023-04-10,162.03,162.03,160.08,161.42,47716882,160.218957323565,160.218957323565,158.290752875124,159.615775419181,47716882,0.0,1.0
2023-04-11,160.8,162.36,160.51,162.35,47644217,159.002705286856,160.545268845609,158.715946676575,160.535380617668,47644217,0.0,1.0
2023-04-12,160.1,162.06,159.78,161.22,50133062,158.310529331005,160.248622007387,157.994106036902,159.418010860366,50133062,0.0,1.0
2023-04-13,165.56,165.8,161.42,161.63,68445649,163.709501786641,163.946819257218,159.615775419181,159.823428205936,68445649,0.0,1.0
2023-04-14,165.21,166.32,163.82,164.59,49386480,163.363413808716,164.461007110136,161.988950124955,162.750343676391,49386480,0.0,1.0
2023-04-17,165.23,165.39,164.03,165.09,40713618,163.383190264597,163.541401911649,162.19660291171,163.244755073427,40713618,0.0,1.0
2023-04-18,166.47,167.41,165.65,166.1,49923008,164.609330529247,165.538823955675,163.798495838107,164.24346609544,49923008,0.0,1.0
2023-04-19,167.63,168.16,165.54,165.8,47720166,165.756364970371,166.280441051229,163.689725330759,163.946819257218,47720166,0.0,1.0
2023-04-20,166.65,167.87,165.56,166.09,52456377,164.78731863218,165.993682440948,163.709501786641,164.233577867499,52456377,0.0,1.0
2023-04-21,165.02,166.4521,164.49,165.05,58337341,163.175537477842,164.591630601233,162.651461396983,163.205202161664,58337341,0.0,1.0
2023-04-24,165.33,165.6,163.89,165.0,41949581,163.482072544004,163.749054698404,162.05816772054,163.15576102196,41949581,0.0,1.0
2023-04-25,163.77,166.305,163.73,165.19,48714063,161.939508985251,164.446174768225,161.899956073488,163.343637352834,48714063,0.0,1.0
2023-04-26,163.76,165.28,162.8,163.055,44105745,161.92962075731,163.432631404301,160.980350875001,161.232500687489,44105745,0.0,1.0
2023-04-27,168.41,168.56,165.19,165.19,64902329,166.527646749747,166.675970168858,163.343637352834,163.343637352834,64902329,0.0,1.0
2023-04-28,169.68,169.85,167.8801,168.49,55275851,167.78345169822,167.951551573212,166.003669551168,166.606752573273,55275851,0.0,1.0
2023-05-01,169.59,170.45,168.64,169.28,52472936,167.694457646753,168.544845249655,166.755075992384,167.387922580591,52472936,0.0,1.0
2023-05-02,168.54,170.35,167.54,170.09,48425696,166.656193712977,168.445962970248,165.667370918904,168.188869043789,48425696,0.0,1.0
2023-05-03,167.45,170.92,167.16,169.5,65136018,165.578376867438,169.009591962869,165.291618257157,167.605463595286,65136018,0.0,1.0
2023-05-04,165.79,167.04,164.31,164.89,81235427,163.936931029278,165.172959521868,162.47347329405,163.046990514612,81235427,0.0,1.0
2023-05-05,173.57,174.3,170.76,170.975,113453171,171.629972367162,172.351813006834,168.851380315818,169.063977216543,113453171,0.0,1.0
2023-05-08,173.5,173.85,172.11,172.48,55962793,171.560754771576,171.906842749502,170.186291087816,170.552155521622,55962793,0.0,1.0
2023-05-09,171.77,173.54,171.6,173.05,45326874,169.850091337831,171.600307683339,169.681991462839,171.115784514244,45326874,0.0,1.0
2023-05-10,173.555,174.03,171.9,173.02,53724501,171.61514002525,172.084830852435,169.97863830106,171.086119830422,53724501,0.0,1.0
2023-05-11,173.75,174.59,172.17,173.85,49514676,171.807960470095,172.638571617115,170.24562045546,171.906842749502,49514676,0.0,1.0
2023-05-12,172.57,174.06,171.0,173.62,45533138,170.878467043666,172.353862047984,169.323856200191,171.918174932615,45533138,0.24,1.0
2023-05-15,172.07,173.21,171.47,173.16,37266659,170.383368048929,171.51219375693,169.789249255244,171.462683857457,37266659,0.0,1.0
2023-05-16,172.07,173.1383,171.7991,171.99,42110293,170.383368048929,171.441196561085,170.11512341358,170.304152209771,42110293,0.0,1.0
2023-05-17,172.69,172.925,170.4201,171.71,57951604,170.997290802403,171.22998732993,168.749640386095,170.026896772718,57951604,0.0,1.0
2023-05-18,175.05,175.24,172.58,173.0,65496657,173.334158057564,173.522295675564,170.888369023561,171.304252179141,65496657,0.0,1.0
2023-05-19,175.16,176.39,174.94,176.39,55809475,173.443079836406,174.66102336346,173.225236278722,174.66102336346,55809475,0.0,1.0
2023-05-22,174.2,174.71,173.45,173.98,43570932,172.49248976651,172.997490741142,171.749841274404,172.274646208826,43570932,0.0,1.0
2023-05-23,171.56,173.3794,171.275,173.13,50747263,169.878367074297,171.679933296347,169.596160647297,171.432977917772,50747263,0.0,1.0
2023-05-24,171.84,172.4183,170.52,171.09,45143488,170.15562251135,170.728254008663,168.848561165243,169.412974019244,45143488,0.0,1.0
2023-05-25,172.99,173.895,171.69,172.41,56058258,171.294350199246,172.190479379721,170.007092812929,170.72003536535,56058258,0.0,1.0
2023-05-26,175.43,175.77,173.11,173.32,54834975,173.710433293564,174.047100609986,171.413173957983,171.621115535773,54834975,0.0,1.0
2023-05-30,177.3,178.99,176.57,176.96,55964401,175.562103533882,177.235538136095,174.839259001566,175.225436217461,55964401,0.0,1.0
2023-05-31,177.25,179.35,176.76,177.325,99313268,175.512593634408,177.592009412306,175.027396619566,175.586858483619,99313268,0.0,1.0
2023-06-01,180.09,180.12,176.9306,177.7,68901809,178.324755924517,178.354461864201,175.19632439657,175.958182729672,68901809,0.0,1.0
2023-06-02,180.95,181.78,179.26,181.03,61996913,179.176326195465,179.998190526729,177.502891593253,179.255542034623,61996913,0.0,1.0
2023-06-05,179.58,184.951,178.035,182.63,121946497,177.819754949885,183.138108351354,176.289899056146,180.839858817783,121946497,0.0,1.0
2023-06-06,179.21,180.12,177.43,179.965,64848374,177.453381693779,178.354461864201,175.690829272514,178.200981175833,64848374,0.0,1.0
2023-06-07,177.82,181.21,177.32,178.44,61944615,176.077006488409,179.433777672729,175.581907493672,176.690929241884,61944615,0.0,1.0
2023-06-08,180.57,180.84,177.46,177.895,50214881,178.800050959465,179.067404416623,175.720535212198,176.15127133762,50214881,0.0,1.0
2023-06-09,180.96,182.23,180.63,181.5,48899973,179.18622817536,180.443779621993,178.859462838833,179.720935089676,48899973,0.0,1.0
2023-06-12,183.79,183.89,180.97,181.27,54754995,181.988488485574,182.087508284521,179.196130155255,179.493189552097,54754995,0.0,1.0
2023-06-13,183.31,184.15,182.44,182.8,54929129,181.513193450626,182.344959761785,180.651721199783,181.008192475994,54929129,0.0,1.0
2023-06-14,183.95,184.39,182.02,183.37,57462882,182.14692016389,182.582607279259,180.235838044203,181.572605329994,57462882,0.0,1.0
2023-06-15,186.01,186.52,183.78,183.96,65433166,184.186728022208,184.69172899684,181.978586505679,182.156822143784,65433166,0.0,1.0
2023-06-16,184.92,186.99,184.27,186.73,101256225,183.10741221368,185.157122051893,182.463783520522,184.89967057463,101256225,0.0,1.0
2023-06-20,185.01,186.1,184.41,184.41,49799092,183.196530032733,184.27584584126,182.602411239048,182.602411239048,49799092,0.0,1.0
2023-06-21,183.96,185.41,182.5901,184.9,49515697,182.156822143784,183.592609228523,180.800349918003,183.087608253891,49515697,0.0,1.0
2023-06-22,187.0,187.045,183.67,183.74,51245327,185.167024031788,185.211582941314,181.869664726837,181.9389785861,51245327,0.0,1.0
2023-06-23,186.68,187.56,185.01,185.55,53116996,184.850160675156,185.721534905894,183.196530032733,183.731236947049,53116996,0.0,1.0
2023-06-26,185.27,188.05,185.23,186.83,48088661,183.453981509996,186.206731920736,183.414373590417,184.998690373577,48088661,0.0,1.0
2023-06-27,188.06,188.39,185.67,185.89,50730846,186.216633900631,186.543399237158,183.850060705786,184.067904263471,50730846,0.0,1.0
2023-06-28,189.25,189.9,187.6,187.93,51216801,187.394969508106,188.038598201265,185.761142825473,186.087908161999,51216801,0.0,1.0
2023-06-29,189.59,190.07,188.94,189.08,46347308,187.731636824528,188.206931859475,187.088008131369,187.226635849895,46347308,0.0,1.0
2023-06-30,193.97,194.48,191.26,191.63,85213216,192.068704018427,192.573704993059,189.38526746695,189.751640723056,85213216,0.0,1.0
2023-07-03,192.46,193.88,191.76,193.78,31458198,190.57350505432,191.979586199374,189.880366461688,191.880566400427,31458198,0.0,1.0
2023-07-05,191.33,192.98,190.62,191.565,46920261,189.454581326214,191.088408008847,188.751540753687,189.68727785374,46920261,0.0,1.0
2023-07-06,191.81,192.02,189.2,189.84,45156009,189.929876361162,190.137817938951,187.345459608632,187.979186321896,45156009,0.0,1.0
2023-07-07,190.68,192.67,190.24,191.41,46814998,188.810952633055,190.78144663211,188.375265517686,189.533797165372,46814998,0.0,1.0
2023-07-10,188.61,189.99,187.035,189.26,59922163,186.761242794842,188.127716020317,185.201680961419,187.404871488001,59922163,0.0,1.0
2023-07-11,188.08,189.3,186.6,189.16,46638119,186.236437860421,187.44447940758,184.770944835998,187.305851689053,46638119,0.0,1.0
2023-07-12,189.77,191.7,188.47,189.68,60750248,187.909872462633,189.820954582319,186.622615076316,187.82075464358,60750248,0.0,1.0
2023-07-13,190.54,191.19,189.78,190.5,41342338,188.672324914529,189.315953607687,187.919774442528,188.63271699495,41342338,0.0,1.0
2023-07-14,190.69,191.1799,189.63,190.23,41616242,188.82085461295,189.305952607994,187.771244744107,188.365363537791,41616242,0.0,1.0
2023-07-17,193.99,194.32,191.81,191.9,50520159,192.088507978217,192.415273314743,189.929876361162,190.018994180214,50520159,0.0,1.0
2023-07-18,193.73,194.33,192.415,193.35,48353774,191.831056500953,192.425175294638,190.528946144794,191.454781264953,48353774,0.0,1.0
2023-07-19,195.1,198.23,192.65,193.1,80507323,193.187627746534,196.28694745359,190.76164267232,191.207231767584,80507323,0.0,1.0
2023-07-20,193.13,196.47,192.495,195.09,59581196,191.236937707268,194.544198992114,190.608161983952,193.177725766639,59581196,0.0,1.0
2023-07-21,191.94,194.97,191.23,194.1,71951683,190.058602099793,193.058902007902,189.355561527266,192.197429757059,71951683,0.0,1.0
2023-07-24,192.75,194.91,192.25,193.41,45505097,190.860662471268,192.999490128533,190.36556347653,191.514193144321,45505097,0.0,1.0
2023-07-25,193.62,194.44,192.915,193.33,37283201,191.722134722111,192.53409707348,191.024045139531,191.434977305163,37283201,0.0,1.0
2023-07-26,194.5,195.64,193.32,193.67,47471868,192.593508952849,193.72233466085,191.425075325269,191.771644621585,47471868,0.0,1.0
2023-07-27,193.22,197.2,192.55,196.02,47460180,191.326055526321,195.267043524431,190.662622873373,194.098609896851,47460180,0.0,1.0
2023-07-28,195.83,196.626,194.14,194.67,48291443,193.91047227885,194.698669878472,192.237037676638,192.76184261106,48291443,0.0,1.0
2023-07-31,196.45,196.49,195.26,196.06,38824113,194.524395032325,194.564002951904,193.34605942485,194.138217816429,38824113,0.0,1.0
2023-08-01,195.605,196.73,195.28,196.235,35281426,193.687677731218,194.801650469378,193.365863384639,194.311502464588,35281426,0.0,1.0
2023-08-02,192.58,195.18,191.8507,195.04,50389327,190.692328813057,193.266843585692,189.970177419333,193.128215867165,50389327,0.0,1.0
2023-08-03,191.17,192.37,190.69,191.57,62243282,189.296149647898,190.484387235267,188.82085461295,189.692228843688,62243282,0.0,1.0
2023-08-04,181.99,187.38,181.92,185.52,115956841,180.206132104519,185.543299267788,180.136818245256,183.701531007365,115956841,0.0,1.0
2023-08-07,178.85,183.13,177.35,182.13,97576069,177.096910417568,181.33495781252,175.611613433356,180.344759823046,97576069,0.0,1.0
2023-08-08,179.8,180.27,177.58,179.69,67823003,178.037598507569,178.502991562622,175.839358970935,177.928676728727,67823003,0.0,1.0
2023-08-09,178.19,180.93,177.01,180.87,60378492,176.443379744515,179.156522235676,175.274946116935,179.097110356307,60378492,0.0,1.0
2023-08-10,177.97,180.75,177.6,179.48,54686851,176.22553618683,178.97828659757,175.859162930725,177.720735150937,54686851,0.0,1.0
2023-08-11,177.79,178.62,176.55,177.32,52036672,176.284948066199,177.107921838036,175.055445081767,175.818926773713,52036672,0.24,1.0
2023-08-14,179.46,179.69,177.305,177.97,43675627,177.940810956522,178.168863929441,175.80405375374,176.463424305874,43675627,0.0,1.0
2023-08-15,177.45,179.48,177.05,178.88,43622593,175.947826280145,177.960641649819,175.551212414199,177.365720850901,43622593,0.0,1.0
2023-08-16,176.57,178.54,176.5,177.13,46964857,175.075275775065,177.028599064847,175.005868348524,175.630535187388,46964857,0.0,1.0
2023-08-17,174.0,177.5054,173.48,177.14,66062882,172.527031686364,176.002757300579,172.011433660634,175.640450534037,66062882,0.0,1.0
2023-08-18,174.49,175.1,171.96,172.3,61172150,173.012883672147,173.617719817714,170.504300970041,170.841422756095,61172150,0.0,1.0
2023-08-21,175.84,176.13,173.735,175.07,46311879,174.351455469714,174.639000522524,172.264275000175,173.587973777768,46311879,0.0,1.0
2023-08-22,177.23,177.68,176.25,177.06,42084245,175.729688653875,176.175879253064,174.757984682308,175.561127760848,42084245,0.0,1.0
2023-08-23,181.12,181.55,178.325,178.52,52722752,179.586758500197,180.013118406088,176.815419111901,177.00876837155,52722752,0.0,1.0
2023-08-24,176.38,181.104,176.01,180.674,54945798,174.88688418874,179.570893945559,174.520016362741,179.144534039667,54945798,0.0,1.0
2023-08-25,178.61,179.15,175.82,177.38,51449594,177.098006491387,177.633435210414,174.331624776416,175.878418853605,51449594,0.0,1.0
2023-08-28,180.19,180.59,178.545,180.09,43820697,178.664631261873,179.061245127818,177.033556738171,178.565477795386,43820697,0.0,1.0
2023-08-29,184.12,184.9,179.5,179.695,53003948,182.561362494789,183.334759533383,177.980472343117,178.173821602765,53003948,0.0,1.0
2023-08-30,187.65,187.85,184.74,184.94,60813888,186.061479861759,186.259786794732,183.176113987005,183.374420919978,60813888,0.0,1.0
2023-08-31,187.87,189.12,187.48,187.84,60794467,186.27961748803,187.51903581911,185.892918968733,186.249871448084,60794467,0.0,1.0
2023-09-01,189.46,189.92,188.28,189.485,45766503,187.856157605164,188.312263551001,186.686146700624,187.880945971785,45766503,0.0,1.0
2023-09-05,189.7,189.98,187.61,188.28,45280027,188.094125924731,188.371755630893,186.021818475165,186.686146700624,45280027,0.0,1.0
2023-09-06,182.91,188.85,181.47,188.4,81755816,181.361605550303,187.251321459596,179.933795632899,186.805130860408,81755816,0.0,1.0
2023-09-07,177.56,178.21,173.54,175.18,112488803,176.05689509328,176.701392625442,172.070925740526,173.697042590903,112488803,0.0,1.0
2023-09-08,178.18,180.239,177.79,178.35,65602066,176.671646585496,178.713216460451,176.284948066199,176.840207478523,65602066,0.0,1.0
2023-09-11,179.36,180.3,177.34,180.07,58953052,177.841657490036,178.773700075008,175.83875746701,178.545647102089,58953052,0.0,1.0
2023-09-12,176.3,180.13,174.82,179.49,90370192,174.807561415551,178.605139181981,173.340090111552,177.970556996468,90370192,0.0,1.0
2023-09-13,174.21,177.3,173.98,176.51,84267928,172.735253965985,175.799096080415,172.507200993066,175.015783695173,84267928,0.0,1.0
2023-09-14,175.74,176.1,173.58,174.0,60895757,174.252302003227,174.609254482578,172.110587127121,172.527031686364,60895757,0.0,1.0
2023-09-15,175.01,176.495,173.82,176.48,109259461,173.528481697876,175.0009106752,172.348555446688,174.986037655227,109259461,0.0,1.0
2023-09-18,177.97,179.38,176.17,176.48,67257573,176.463424305874,177.861488183333,174.678661909119,174.986037655227,67257573,0.0,1.0
2023-09-19,179.07,179.63,177.13,177.52,51826941,177.554112437225,178.109371849549,175.630535187388,176.017233706686,51826941,0.0,1.0
2023-09-20,175.49,179.695,175.4,179.26,58436181,174.004418337011,178.173821602765,173.915180217174,177.742504023549,58436181,0.0,1.0
2023-09-21,173.93,176.3,173.86,174.55,63149116,172.457624259823,174.807561415551,172.388216833283,173.072375752039,63149116,0.0,1.0
2023-09-22,174.79,177.079,174.05,174.67,56725385,173.310344071606,175.57996691948,172.576608419607,173.191359911823,56725385,0.0,1.0
2023-09-25,176.08,176.97,174.15,174.2,46172740,174.589423789281,175.47188964101,172.675761886093,172.725338619336,46172740,0.0,1.0
2023-09-26,171.96,175.2,171.66,174.82,64588945,170.504300970041,173.716873284201,170.206840570582,173.340090111552,64588945,0.0,1.0
2023-09-27,170.43,173.04,169.05,172.62,66921808,168.987252932799,171.575158408094,167.618935095286,171.158713848851,66921808,0.0,1.0
2023-09-28,170.69,172.03,167.62,169.34,56294419,169.245051945663,170.573708396581,166.20104052453,167.906480148097,56294419,0.0,1.0
2023-09-29,171.21,173.07,170.341,172.02,51861083,169.760649971393,171.60490444804,168.899006347626,170.563793049933,51861083,0.0,1.0
2023-10-02,173.75,174.3,170.93,171.22,52164535,172.279148020148,172.824492085823,169.483020265231,169.770565318041,52164535,0.0,1.0
2023-10-03,172.4,173.63,170.82,172.255,49594613,170.940576222581,172.160163860364,169.373951452096,170.796803696176,49594613,0.0,1.0
2023-10-04,173.66,174.21,170.97,171.09,53020286,172.18990990031,172.735253965985,169.522681651825,169.641665811609,53020286,0.0,1.0
2023-10-05,174.91,175.45,172.68,173.79,48527918,173.42932823139,173.964756950417,171.218205928743,172.318809406742,48527918,0.0,1.0
2023-10-06,177.49,177.99,173.18,173.8,57266675,175.98748766674,176.483254999172,171.713973261175,172.328724753391,57266675,0.0,1.0
2023-10-09,178.99,179.05,175.8,176.81,42390772,177.474789664036,177.534281743928,174.311794083119,175.313244094632,42390772,0.0,1.0
2023-10-10,178.39,179.72,177.95,178.1,43698019,176.879868865117,178.198609969387,176.443593612577,176.592323812307,43698019,0.0,1.0
2023-10-11,179.8,179.85,177.6,178.2,47551098,178.277932742576,178.327509475819,176.096556479875,176.691477278793,47551098,0.0,1.0
2023-10-12,180.71,182.34,179.04,180.07,56743119,179.180229287602,180.796430791331,177.524366397279,178.545647102089,56743119,0.0,1.0
2023-10-13,178.85,181.93,178.14,181.42,51456082,177.335974810955,180.389901578736,176.631985198901,179.884218899656,51456082,0.0,1.0
2023-10-16,178.72,179.075,176.51,176.75,52516984,177.207075304523,177.559070110549,175.015783695173,175.25375201474,52516984,0.0,1.0
2023-10-17,177.15,178.42,174.8,176.645,57549350,175.650365880686,176.909614905063,173.320259418255,175.149640874929,57549350,0.0,1.0
2023-10-18,175.84,177.575,175.11,175.58,54764375,174.351455469714,176.071768113253,173.627635164363,174.093656456849,54764375,0.0,1.0
2023-10-19,175.46,177.84,175.19,176.04,59302863,173.974672297065,176.334524799442,173.706957937552,174.549762402687,59302863,0.0,1.0
2023-10-20,172.88,175.42,172.64,175.31,64244028,171.416512861716,173.935010910471,171.178544542148,173.825942097336,64244028,0.0,1.0
2023-10-23,173.0,174.01,169.93,170.91,55980109,171.5354970215,172.536947033012,168.491485600367,169.463189571933,55980109,0.0,1.0
2023-10-24,173.44,173.67,171.45,173.05,43816644,171.97177227404,172.199825246958,169.99861829096,171.585073754743,43816644,0.0,1.0
2023-10-25,171.1,173.06,170.65,171.88,57156962,169.651581158258,171.594989101391,169.205390559069,170.424978196852,57156962,0.0,1.0
2023-10-26,166.89,171.3775,165.67,170.37,70625258,165.477220219179,169.926732027757,164.267547928045,168.927760852907,70625258,0.0,1.0
2023-10-27,168.22,168.96,166.83,166.91,58499129,166.795961323449,167.529696975448,165.417728139288,165.497050912477,58499129,0.0,1.0
2023-10-30,170.29,171.17,168.87,169.02,51130955,168.848438079718,169.720988584798,167.440458855611,167.58918905534,51130955,0.0,1.0
2023-10-31,170.77,170.9,167.9,169.35,44846017,169.324374718852,169.453274225285,166.478670230692,167.916395494745,44846017,0.0,1.0
2023-11-01,173.97,174.23,170.12,171.0,56934906,172.497285646418,172.755084659282,168.679877186691,169.552427691771,56934906,0.0,1.0
2023-11-02,177.57,177.78,175.46,175.52,77334752,176.066810439929,176.27503271955,173.974672297065,174.034164376957,77334752,0.0,1.0
2023-11-03,176.65,176.82,173.35,174.24,79829246,175.154598548254,175.323159441281,171.882534154202,172.765000005931,79829246,0.0,1.0
2023-11-06,179.23,179.43,176.21,176.38,63841310,177.712757983603,177.911064916576,174.718323295713,174.88688418874,63841310,0.0,1.0
2023-11-07,181.82,182.44,178.97,179.18,70529966,180.280832765601,180.895584257817,177.454958970739,177.66318125036,70529966,0.0,1.0
2023-11-08,182.89,183.45,181.59,182.35,49340282,181.341774857006,181.89703426933,180.052779792683,180.806346137979,49340282,0.0,1.0
2023-11-09,182.41,184.12,181.81,182.96,53763540,180.865838217871,182.561362494789,180.270917418953,181.411182283547,53763540,0.0,1.0
2023-11-10,186.4,186.565,183.53,183.97,66177922,185.060029850247,185.223843717872,182.210661364891,182.647498345225,66177922,0.24,1.0
2023-11-13,184.8,186.03,184.21,185.82,43627519,183.471531739944,184.692689662239,182.88577306177,184.484199285262,43627519,0.0,1.0
2023-11-14,187.44,188.11,186.3,187.7,60108378,186.092553621943,186.757737205633,184.960748718353,186.350684564867,60108378,0.0,1.0
2023-11-15,188.01,189.5,187.78,187.845,53790499,186.658456073739,188.137744938958,186.430109470383,186.494642206114,53790499,0.0,1.0
2023-11-16,189.71,190.96,188.65,189.57,54412915,188.346235315935,189.587249464609,187.29385531786,188.207241731284,54412915,0.0,1.0
2023-11-17,189.69,190.38,188.57,190.25,50941404,188.326379089556,189.011418899624,187.214430412344,188.882353428162,50941404,0.0,1.0
2023-11-20,191.45,191.905,189.88,189.89,46538614,190.073727010889,190.525456161006,188.515013240155,188.524941353344,46538614,0.0,1.0
2023-11-21,190.64,191.52,189.74,191.41,38134485,189.269549842548,190.143223803215,188.376019655503,190.034014558132,38134485,0.0,1.0
2023-11-22,191.31,192.93,190.825,191.49,39630011,189.934733426238,191.543087762919,189.453219936552,190.113439463647,39630011,0.0,1.0
2023-11-24,189.97,190.9,189.25,190.87,24048344,188.604366258859,189.527680785473,187.889542109223,189.497896445904,24048344,0.0,1.0
2023-11-27,189.79,190.67,188.9,189.92,40552609,188.42566022145,189.299334182117,187.542058147594,188.554725692912,40552609,0.0,1.0
2023-11-28,190.4,191.08,189.4,189.78,38415419,189.031275126003,189.706386822882,188.038463807064,188.415732108261,38415419,0.0,1.0
2023-11-29,189.37,192.09,188.97,190.9,43014224,188.008679467496,190.70912625501,187.61155493992,189.527680785473,43014224,0.0,1.0
2023-11-30,189.95,190.32,188.19,189.84,48794366,188.58451003248,188.951850220488,186.837162111148,188.475300787397,48794366,0.0,1.0
2023-12-01,191.24,191.56,189.23,190.33,45704823,189.865236633912,190.182936255972,187.869685882844,188.961778333677,45704823,0.0,1.0
2023-12-04,189.43,190.05,187.4511,189.98,43389519,188.068248146632,188.683791164374,186.103573827584,188.614294372049,43389519,0.0,1.0
2023-12-05,193.42,194.4,190.18,190.21,66628398,192.029565309199,193.002520401759,188.812856635836,188.842640975405,66628398,0.0,1.0
2023-12-06,192.32,194.76,192.11,194.45,40895115,190.937472858366,193.359932476577,190.728982481389,193.052160967706,40895115,0.0,1.0
2023-12-07,194.27,195.0,193.59,193.63,47477655,192.873454930297,193.598207193123,192.198343233419,192.238055686176,47477655,0.0,1.0
2023-12-08,195.71,195.99,193.67,194.2,53406358,194.30310322957,194.581090398873,192.277768138934,192.803958137972,53406358,0.0,1.0
2023-12-11,193.18,193.49,191.42,193.11,60943699,191.791290592654,192.099062101525,190.043942671321,191.721793800328,60943699,0.0,1.0
2023-12-12,194.71,194.72,191.721,193.08,52696900,193.310291910631,193.32022002382,190.342778878322,191.69200946076,52696900,0.0,1.0
2023-12-13,197.96,198.0,194.85,195.09,70404183,196.536928697183,196.57664114994,193.449285495282,193.687560211827,70404183,0.0,1.0
2023-12-14,198.11,199.62,196.16,198.02,66831572,196.685850395023,198.184995486621,194.749868323092,196.596497376319,66831572,0.0,1.0
2023-12-15,197.57,198.3999,197.0,197.53,128538401,196.149732282796,196.973666396384,195.583829831001,196.110019830039,128538401,0.0,1.0
2023-12-18,195.89,196.63,194.39,196.09,55751861,194.481809266979,195.216489642994,192.99259228857,194.680371530766,55751861,0.0,1.0
2023-12-19,196.94,196.95,195.89,196.16,40233138,195.524261151865,195.534189265054,194.481809266979,194.749868323092,40233138,0.0,1.0
2023-12-20,194.83,197.68,194.83,196.9,52242815,193.429429268903,196.25894152788,193.429429268903,195.484548699107,52242815,0.0,1.0
2023-12-21,194.68,197.08,193.5,196.1,46482549,193.280507571062,195.663254736516,192.108990214714,194.690299643956,46482549,0.0,1.0
2023-12-22,193.6,195.41,192.97,195.18,37149570,192.208271346608,194.005259833888,191.582800215677,193.776913230532,37149570,0.0,1.0
2023-12-26,193.05,193.89,192.83,193.61,28919310,191.662225121192,192.4961866291,191.443806631025,192.218199459798,28919310,0.0,1.0
2023-12-27,193.15,193.5,191.09,192.49,47899806,191.761506253086,192.108990214714,189.716314936071,191.106250782586,47899806,0.0,1.0
2023-12-28,193.58,194.66,193.17,194.14,34049898,192.188415120229,193.260651344684,191.781362479464,192.744389458835,34049898,0.0,1.0
2023-12-29,192.53,194.4,191.725,193.9,42672148,191.145963235343,193.002520401759,190.346750123597,192.50611474229,42672148,0.0,1.0
2024-01-02,185.64,188.44,183.885,187.15,82488674,184.305493247853,187.085364940882,182.563109383115,185.804638339451,82488674,0.0,1.0
2024-01-03,184.25,185.88,183.43,184.22,58414460,182.925485514528,184.543767964398,182.111380232998,182.895701174959,58414460,0.0,1.0
2024-01-04,181.91,183.0872,180.88,182.15,71983570,180.60230702821,181.771044512865,179.579711369703,180.840581744756,71983570,0.0,1.0
2024-01-05,181.18,182.76,180.17,181.99,62196924,179.877554765385,181.446196649308,178.874815333256,180.681731933725,62196924,0.0,1.0
2024-01-08,185.56,185.6,181.5,182.085,59144470,184.226068342338,184.265780795095,180.195254387445,180.776049009024,59144470,0.0,1.0
2024-01-09,185.14,185.15,182.73,183.92,42841809,183.809087588383,183.819015701573,181.41641230974,182.597857779278,42841809,0.0,1.0
2024-01-10,186.19,186.4,183.92,184.35,46792908,184.851539473269,185.060029850247,182.597857779278,183.024766646422,46792908,0.0,1.0
2024-01-11,185.59,187.05,183.62,186.54,49128408,184.255852681906,185.705357207557,182.300014383596,185.199023434898,49128408,0.0,1.0
2024-01-12,185.92,186.74,185.19,186.06,40477782,184.583480417156,185.397585698686,183.85872815433,184.722474001807,40477782,0.0,1.0
2024-01-16,183.63,184.26,180.934,182.16,65603041,182.309942496785,182.935413627717,179.633323180926,180.850509857945,65603041,0.0,1.0
2024-01-17,182.68,182.93,180.3,181.27,47317433,181.366771743793,181.614974573528,179.003880804718,179.966907784089,47317433,0.0,1.0
2024-01-18,188.63,189.14,185.83,186.09,78005754,187.273999091481,187.78033286414,184.494127398451,184.752258341376,78005754,0.0,1.0
2024-01-19,191.56,191.95,188.82,189.33,68902985,190.182936255972,190.570132670359,187.462633242079,187.968967014738,68902985,0.0,1.0
2024-01-22,193.89,195.33,192.26,192.3,60133852,192.4961866291,193.925834928373,190.87790417923,190.917616631987,60133852,0.0,1.0
2024-01-23,195.18,195.75,193.8299,195.02,42355590,193.776913230532,194.342815682327,192.436518668832,193.618063419502,42355590,0.0,1.0
2024-01-24,194.5,196.38,194.34,195.42,53463269,193.101801533653,194.968286813259,192.942951722623,194.015187947077,53463269,0.0,1.0
2024-01-25,194.17,196.2675,193.1125,195.22,54822126,192.774173798403,194.856595539878,191.724275828625,193.816625683289,54822126,0.0,1.0
2024-01-26,192.42,194.76,191.94,194.27,44594011,191.03675399026,193.359932476577,190.560204557169,192.873454930297,44594011,0.0,1.0
2024-01-29,191.73,192.2,189.58,192.01,47145622,190.351714180192,190.818335500093,188.217169844473,190.629701349495,47145622,0.0,1.0
2024-01-30,188.04,191.8,187.47,190.94,55859370,186.688240413307,190.421210972518,186.122337961512,189.56739323823,55859370,0.0,1.0
2024-01-31,184.4,187.095,184.35,187.04,55467803,183.074407212368,185.750033716909,183.024766646422,185.695429094368,55467803,0.0,1.0
2024-02-01,186.86,186.95,183.82,183.985,64885408,185.516723056959,185.606076075663,182.498576647384,182.662390515009,64885408,0.0,1.0
2024-02-02,185.85,187.33,179.25,179.86,102551680,184.51398362483,185.98334437686,177.961428919832,178.567043824385,102551680,0.0,1.0
2024-02-05,187.68,189.25,185.84,188.15,69668820,186.330828338489,187.889542109223,184.504055511641,186.79744965839,69668820,0.0,1.0
2024-02-06,189.3,189.31,186.7695,186.86,43490759,187.93918267517,187.949110788359,185.426873632595,185.516723056959,43490759,0.0,1.0
2024-02-07,189.41,191.05,188.61,190.64,53438955,188.048391920253,189.676602483313,187.254142865102,189.269549842548,53438955,0.0,1.0
2024-02-08,188.32,189.535,187.35,189.385,40962046,186.96622758261,188.172493335121,186.003200603239,188.02357163728,40962046,0.0,1.0
2024-02-09,188.85,189.99,188.0,188.65,45155216,187.730692298193,188.86393555591,186.88573022007,187.531877691576,45155216,0.24,1.0
2024-02-12,187.15,188.67,186.79,188.415,41781934,186.040768141948,187.551759152237,185.682901850037,187.298270528801,41781934,0.0,1.0
2024-02-13,185.04,186.21,183.5128,185.77,56529529,183.943274042137,185.106339490847,182.425125706009,184.66894735629,56529529,0.0,1.0
2024-02-14,184.15,185.53,182.44,185.32,54630517,183.058549042691,184.430369828349,181.358684156115,184.221614491401,54630517,0.0,1.0
2024-02-15,183.86,184.49,181.35,183.55,65434496,182.770267863096,183.39653387394,180.275144550052,182.46210522284,65434496,0.0,1.0
2024-02-16,182.31,184.85,181.665,183.42,49752465,181.229454661814,183.754400165851,180.588277555474,182.332875728539,49752465,0.0,1.0
2024-02-20,181.56,182.43,180.0,181.79,53665553,180.483899887,181.348743425784,178.933145955386,180.712536684609,53665553,0.0,1.0
2024-02-21,182.32,182.8888,180.66,181.94,41529674,181.239395392145,181.804824133364,179.589234157223,180.861647639572,41529674,0.0,1.0
2024-02-22,184.37,184.955,182.46,183.48,52292208,183.27724510997,183.858777834325,181.378565616777,182.392520110524,52292208,0.0,1.0
2024-02-23,182.52,185.04,182.23,185.01,45119677,181.438209998762,183.943274042137,181.149928819167,183.913451851145,45119677,0.0,1.0
2024-02-26,181.16,182.76,180.65,182.24,40867421,180.086270673766,181.676787526702,179.579293426892,181.159869549498,40867421,0.0,1.0
2024-02-27,182.63,183.9225,179.56,181.1,54318851,181.547558032401,182.832397427664,178.495753820829,180.02662629178,54318851,0.0,1.0
2024-02-28,181.42,183.12,180.13,182.51,48953939,180.344729662368,182.034653818613,179.062375449687,181.428269268431,48953939,0.0,1.0
2024-02-29,180.75,182.57,179.53,181.27,136682597,179.6787007302,181.487913650416,178.465931629836,180.195618707405,136682597,0.0,1.0
2024-03-01,179.66,180.53,177.38,179.55,73563082,178.595161124137,179.460004662922,176.328674608702,178.485813090498,73563082,0.0,1.0
2024-03-04,175.1,176.9,173.79,176.15,81510101,174.062188093267,175.851519552821,172.759952419925,175.105964778007,81510101,0.0,1.0
2024-03-05,170.12,172.04,169.62,170.76,95132355,169.111704388502,171.020324612026,168.614667871959,169.747911129677,95132355,0.0,1.0
2024-03-06,169.12,171.24,168.68,171.06,68587707,168.117631355416,170.225066185558,167.680239220859,170.046133039602,68587707,0.0,1.0
2024-03-07,169.0,170.73,168.49,169.15,71765061,167.998342591446,169.718088938684,167.491365344572,168.147453546409,71765061,0.0,1.0
2024-03-08,170.73,173.7,168.94,169.0,76267041,169.718088938684,172.670485846948,167.938698209461,167.998342591446,76267041,0.0,1.0
2024-03-11,172.75,174.38,172.05,172.94,58929918,171.726116465517,173.346455509446,171.030265342357,171.914990341803,58929918,0.0,1.0
2024-03-12,173.23,174.03,171.01,173.15,59544927,172.203271521398,172.998529947866,169.996429387948,172.123745678751,59544927,0.0,1.0
2024-03-13,171.13,173.185,170.76,172.77,51948951,170.115718151918,172.158538234909,169.747911129677,171.745997926178,51948951,0.0,1.0
2024-03-14,173.0,174.3078,172.05,172.91,72571635,171.974634723788,173.274683436457,171.030265342357,171.88516815081,72571635,0.0,1.0
2024-03-15,172.62,172.62,170.285,171.17,121752699,171.596886971215,171.596886971215,169.275726438961,170.155481073242,121752699,0.0,1.0
2024-03-18,173.72,177.71,173.52,175.57,75604184,172.69036730761,176.656718709621,172.491552700992,174.529402418818,75604184,0.0,1.0
2024-03-19,176.08,176.605,173.03,174.34,55215244,175.036379665691,175.558268008061,172.004456914781,173.306692588123,55215244,0.0,1.0
2024-03-20,178.67,178.67,175.09,175.72,53423102,177.611028821383,177.611028821383,174.052247362937,174.678513373781,53423102,0.0,1.0
2024-03-21,171.37,177.49,170.84,177.05,106181270,170.354295679859,176.438022642342,169.827436972323,176.000630507784,106181270,0.0,1.0
2024-03-22,172.28,173.05,170.06,171.76,71160138,171.258902139966,172.024338375442,169.052060006517,170.741984162762,71160138,0.0,1.0
2024-03-25,170.85,171.94,169.45,170.565,54288328,169.837377702654,170.920917308717,168.445675456335,169.554066888225,54288328,0.0,1.0
2024-03-26,169.71,171.42,169.58,170.0,57388449,168.704134444937,170.403999331513,168.574904950636,168.992415624532,57388449,0.0,1.0
2024-03-27,173.31,173.6,170.11,170.41,60273265,172.282797364044,172.571078543639,169.101763658171,169.399985568097,60273265,0.0,1.0
2024-03-28,171.48,172.23,170.51,171.75,65672690,170.463643713498,171.209198488312,169.499392871405,170.732043432431,65672690,0.0,1.0
2024-04-01,170.03,171.25,169.475,171.19,43772506,169.022237815524,170.235006915888,168.470527282162,170.175362533903,43772506,0.0,1.0
2024-04-02,168.84,169.34,168.2302,169.08,49013991,167.839290906152,168.336327422695,167.233105170577,168.077868434093,49013991,0.0,1.0
2024-04-03,169.65,170.68,168.58,168.79,45571129,168.644490062952,169.66838528703,167.58083191755,167.789587254498,45571129,0.0,1.0
2024-04-04,168.82,171.92,168.82,170.29,53355055,167.819409445491,170.901035848056,167.819409445491,169.280696804126,53355055,0.0,1.0
2024-04-05,169.58,170.39,168.95,169.59,41975776,168.574904950636,169.380104107435,167.948638939792,168.584845680967,41975776,0.0,1.0
2024-04-08,168.45,169.2,168.24,169.03,37216858,167.451602423249,168.197157198063,167.242847086301,168.028164782439,37216858,0.0,1.0
2024-04-09,169.67,170.08,168.35,168.7,42231444,168.664371523613,169.071941467178,167.35219511994,167.70012068152,42231444,0.0,1.0
2024-04-10,167.78,169.09,167.11,168.8,49709336,166.785573491082,168.087809164424,166.119544558915,167.799527984829,49709336,0.0,1.0
2024-04-11,175.04,175.46,168.16,168.34,91070275,174.002543711282,174.420054385178,167.163321243654,167.34225438961,91070275,0.0,1.0
2024-04-12,176.55,178.36,174.21,174.26,101670886,175.503593991241,177.302866181126,173.177463093821,173.227166745476,101670886,0.0,1.0
2024-04-15,172.69,176.63,172.5,175.36,73531773,171.666472083531,175.583119833888,171.477598207245,174.32064708187,73531773,0.0,1.0
2024-04-16,169.38,173.76,168.27,171.75,73711235,168.376090344019,172.730130228933,167.272669277294,170.732043432431,73711235,0.0,1.0
2024-04-17,168.0,170.65,168.0,169.61,50901210,167.004269558361,169.638563096037,167.004269558361,168.604727141628,50901210,0.0,1.0
2024-04-18,167.04,168.64,166.55,168.03,43122903,166.049959446599,167.640476299535,165.562863660387,167.034091749353,43122903,0.0,1.0
2024-04-19,165.0,166.4,164.075,166.21,68149377,164.022050459104,165.413752705424,163.1025329035,165.224878829138,68149377,0.0,1.0
2024-04-22,165.84,167.26,164.77,165.515,48116443,164.857071806896,166.268655513877,163.793413661494,164.533998071143,48116443,0.0,1.0
2024-04-23,166.9,167.05,164.92,165.35,49537761,165.910789221967,166.059900176929,163.942524616457,164.369976020684,49537761,0.0,1.0
2024-04-24,169.02,169.3,166.21,166.54,48251835,168.018224052108,168.296564501372,165.224878829138,165.552922930056,48251835,0.0,1.0
2024-04-25,169.89,170.61,168.1511,169.525,50558329,168.883067590892,169.598800174714,167.15447399366,168.520230933816,50558329,0.0,1.0
2024-04-26,169.3,171.34,169.18,169.88,44838354,168.296564501372,170.324473488866,168.177275737401,168.873126860561,44838354,0.0,1.0
2024-04-29,173.5,176.03,173.1,173.37,68169419,172.471671240331,174.986676014037,172.074042027097,172.34244174603,68169419,0.0,1.0
2024-04-30,170.33,174.99,170.0,173.33,65934776,169.32045972545,173.952840059628,168.992415624532,172.302678824706,65934776,0.0,1.0
2024-05-01,169.3,172.705,169.11,169.58,50383147,168.296564501372,171.681383179028,168.107690625085,168.574904950636,50383147,0.0,1.0
2024-05-02,173.03,173.415,170.89,172.51,94214915,172.004456914781,172.387175032518,169.877140623978,171.487538937576,94214915,0.0,1.0
2024-05-03,183.38,187.0,182.66,186.645,163224109,182.293112807215,185.891657186985,181.577380223394,185.538761260239,163224109,0.0,1.0
2024-05-06,181.71,184.2,180.42,182.354,78569667,180.633010841963,183.108252694345,179.350656629282,181.27319387527,78569667,0.0,1.0
2024-05-07,182.4,184.9,181.32,183.45,77305771,181.318921234792,183.804103817505,180.245322359059,182.362697919531,77305771,0.0,1.0
2024-05-08,182.74,183.07,181.45,182.85,45057087,181.656906066041,181.984950166959,180.37455185336,181.76625409968,45057087,0.0,1.0
2024-05-09,184.57,184.66,182.11,182.56,48982972,183.476059716587,183.565526289565,181.030640055197,181.477972920085,48982972,0.0,1.0
2024-05-10,183.05,185.09,182.13,184.9,50759496,182.213586964568,184.244265562808,181.29779073399,184.05513373258,50759496,0.25,1.0
2024-05-13,186.28,187.1,184.62,185.435,72044809,185.428828078447,186.245081240485,183.776413140664,184.587689149275,72044809,0.0,1.0
2024-05-14,187.43,188.3,186.29,187.51,52393619,186.573573366671,187.439598062979,185.438782385302,186.653207821504,52393619,0.0,1.0
2024-05-15,189.72,190.65,187.37,187.91,70399988,188.853109636263,189.778860173696,186.513847525546,187.051380095668,70399988,0.0,1.0
2024-05-16,189.84,191.095,189.6601,190.47,52845230,188.972561318512,190.221826828704,188.793483338207,189.599682650321,52845230,0.0,1.0
2024-05-17,189.87,190.81,189.18,189.51,41282925,189.002424239075,189.938129083361,188.315577066141,188.644069192326,41282925,0.0,1.0
2024-05-20,191.04,191.9199,189.01,189.325,44361275,190.167078141006,191.0429576011,188.146353849621,188.459914515525,44361275,0.0,1.0
2024-05-21,192.35,192.73,190.9201,191.09,42309401,191.471092338895,191.849355999351,190.047726001825,190.216849675277,42309401,0.0,1.0
2024-05-22,190.9,192.8231,190.27,192.265,34648547,190.027717845048,191.942030596163,189.400596513239,191.386480730635,34648547,0.0,1.0
2024-05-23,186.88,191.0,186.625,190.98,51005924,186.026086489694,190.12726091359,185.772251664914,190.107352299881,51005924,0.0,1.0
2024-05-24,189.98,190.58,188.0404,188.82,36326975,189.11192161447,189.709180025717,187.181184257046,187.957222019393,36326975,0.0,1.0
2024-05-28,189.99,193.0,189.1,191.51,52280051,189.121875921324,192.118122284412,188.235942611308,190.634930563149,52280051,0.0,1.0
2024-05-29,190.29,192.247,189.51,189.61,53068016,189.420505126947,191.368562978298,188.644069192326,188.743612260868,53068016,0.0,1.0
2024-05-30,191.29,192.18,190.63,190.76,49947941,190.415935812359,191.301869122375,189.758951559987,189.888357549091,49947941,0.0,1.0
2024-05-31,192.25,192.57,189.91,191.44,75158277,191.371549270354,191.690087089686,189.042241466491,190.565250415171,75158277,0.0,1.0
2024-06-03,194.03,194.99,192.52,192.9,50080539,193.143415890386,194.099029348381,191.640315555415,192.018579215871,50080539,0.0,1.0
2024-06-04,194.35,195.32,193.0342,194.635,47471445,193.461953709718,194.427521474567,192.152166013854,193.74565145506,47471445,0.0,1.0
2024-06-05,195.87,196.9,194.87,195.4,54156785,194.975008351543,196.000301957517,193.979577666132,194.5071559294,54156785,0.0,1.0
2024-06-06,194.48,196.5,194.17,195.685,41181753,193.591359698821,195.602129683353,193.282776186344,194.790853674742,41181753,0.0,1.0
2024-06-07,196.89,196.94,194.14,194.65,53103912,195.990347650663,196.040119184934,193.252913265782,193.760582915341,53103912,0.0,1.0
2024-06-10,193.12,197.3,192.15,196.9,97262077,192.237573966662,196.398474231682,191.272006201813,196.000301957517,97262077,0.0,1.0
2024-06-11,207.15,207.16,193.63,193.65,172373296,206.203466482985,206.213420789839,192.745243616222,192.76515222993,172373296,0.0,1.0
2024-06-12,213.07,220.2,206.9,207.37,198134293,212.096416140621,219.193836927604,205.954608811632,206.422461233775,198134293,0.0,1.0
2024-06-13,214.24,216.75,211.6,214.74,97862729,213.261070042552,215.759601062935,210.633133033066,213.758785385258,97862729,0.0,1.0
2024-06-14,212.49,215.17,211.3,213.85,70122748,211.519066343082,214.186820579985,210.334503827442,212.872852075241,70122748,0.0,1.0
2024-06-17,216.67,218.95,212.72,213.37,93728300,215.679966608102,217.94954857084,211.748015400727,212.395045346244,93728300,0.0,1.0
2024-06-18,214.29,218.63,213.0,217.59,79943254,213.310841576823,217.631010751508,212.026735992642,216.59576283868,79943254,0.0,1.0
2024-06-20,209.68,214.24,208.85,213.93,86172451,208.721906117076,213.261070042552,207.895698648184,212.952486530074,86172451,0.0,1.0
2024-06-21,207.49,211.89,207.11,210.39,246421353,206.541912916025,210.921807931835,206.163649255568,209.428661903718,246421353,0.0,1.0
2024-06-24,208.14,212.7,206.59,207.72,80727006,207.188942861542,211.728106787018,205.646025299154,206.770861973669,80727006,0.0,1.0
2024-06-25,209.07,211.38,208.61,209.15,56713868,208.114693398975,210.414138282275,207.656795283685,208.194327853808,56713868,0.0,1.0
2024-06-26,213.25,214.86,210.64,211.5,66213186,212.275593663995,213.878237067507,209.677519575071,210.533589964525,66213186,0.0,1.0
2024-06-27,214.1,215.7395,212.35,214.69,49772707,213.121709746594,214.753718355326,211.379706047124,213.709013850987,49772707,0.0,1.0
2024-06-28,210.62,216.07,210.3,215.77,82542718,209.657610961362,215.082708196855,209.339073142031,214.784078991232,82542718,0.0,1.0
2024-07-01,216.75,217.51,211.92,212.09,60402929,215.759601062935,216.516128383847,210.951670852397,211.120894068917,60402929,0.0,1.0
2024-07-02,220.27,220.38,215.1,216.15,58046178,219.263517075583,219.373014450978,214.117140432006,215.162342651688,58046178,0.0,1.0
2024-07-03,221.55,221.55,219.03,220.0,37369801,220.53766835291,220.53766835291,218.029183025673,218.994750790522,37369801,0.0,1.0
2024-07-05,226.34,226.45,221.65,221.65,60412408,225.305781336031,225.415278711426,220.637211421451,220.637211421451,60412408,0.0,1.0
2024-07-08,227.82,227.85,223.25,227.09,59085861,226.77901875044,226.808881671002,222.229900518109,226.052354350089,59085861,0.0,1.0
2024-07-09,228.68,229.4,226.3721,227.93,48169822,227.635089139894,228.35179923339,225.337734661032,226.888516125835,48169822,0.0,1.0
2024-07-10,232.98,233.08,229.25,229.3,62627687,231.915441087163,232.014984155704,228.202484630578,228.252256164849,62627687,0.0,1.0
2024-07-11,227.57,232.39,225.77,231.39,64710617,226.530161079087,231.32813698277,224.738385845346,230.332706297359,64710617,0.0,1.0
2024-07-12,230.54,232.64,228.68,228.92,53046527,229.486590214759,231.576994654123,227.635089139894,227.873992504392,53046527,0.0,1.0
2024-07-15,234.4,237.23,233.09,236.48,62631252,233.328952660447,236.146021500162,232.024938462558,235.399448486103,62631252,0.0,1.0
2024-07-16,234.82,236.27,232.33,235.0,43234278,233.74703354832,235.190408042167,231.268411141645,233.926211071694,43234278,0.0,1.0
2024-07-17,228.88,231.4599,226.64,229.45,57345884,227.834175276976,230.402286902269,225.604410541654,228.40157076766,57345884,0.0,1.0
2024-07-18,224.18,230.44,222.27,230.28,66034585,223.155651055542,229.387047146218,221.254378446406,229.227778236552,66034585,0.0,1.0
2024-07-19,224.31,226.8,223.275,224.82,49151453,223.285057044645,225.76367945132,222.254786285245,223.792726694205,49151453,0.0,1.0
2024-07-22,223.96,227.78,223.09,227.01,48201835,222.936656304751,226.739201523023,222.070631608443,225.972719895256,48201835,0.0,1.0
2024-07-23,225.01,226.94,222.68,224.365,39960260,223.981858524433,225.903039747278,221.662505027425,223.339805732343,39960260,0.0,1.0
2024-07-24,218.54,224.8,217.13,224.0,61777576,217.541421989821,223.772818080497,216.137864723391,222.976473532168,61777576,0.0,1.0
2024-07-25,217.49,220.85,214.62,218.93,51391199,216.496219770139,219.840866873122,213.639333703008,217.929639957132,51391199,0.0,1.0
2024-07-26,217.96,219.49,216.01,218.7,41601345,216.964072192283,218.487081140962,215.02298235573,217.700690899487,41601345,0.0,1.0
2024-07-29,218.24,219.3,215.75,216.96,36311778,217.242792784198,218.297949310734,214.764170377523,215.968641506871,36311778,0.0,1.0
2024-07-30,218.8,220.325,216.12,219.19,41643840,217.800233968028,219.318265763281,215.132479731126,218.188451935339,41643840,0.0,1.0
2024-07-31,222.08,223.82,220.63,221.44,50036262,221.065246616178,222.797296008794,219.621872122331,220.428170977515,50036262,0.0,1.0
2024-08-01,218.36,224.48,217.02,224.37,62500996,217.362244466447,223.454280261165,216.028367347996,223.34478288577,62500996,0.0,1.0
2024-08-02,219.86,225.6,217.71,219.15,105568560,218.855390494564,224.569162628826,216.71521452093,218.148634707922,105568560,0.0,1.0
2024-08-05,209.27,213.5,196.0,199.09,119548589,208.313779536057,212.524451335347,195.104414340647,198.180295158568,119548589,0.0,1.0
2024-08-06,207.23,209.99,201.07,205.3,69660488,206.283100937818,209.030489629553,200.151247915683,204.361919714974,69660488,0.0,1.0
2024-08-07,209.82,213.64,206.39,206.9,63516417,208.861266413033,212.663811631305,205.446939162072,205.954608811632,63516417,0.0,1.0
2024-08-08,213.31,214.2,208.83,213.11,47161149,212.335319505119,213.221252815136,207.875790034476,212.136233368037,47161149,0.0,1.0
2024-08-09,216.24,216.78,211.97,212.1,42201646,215.251931413375,215.789463983497,211.001442386668,211.130848375771,42201646,0.0,1.0
2024-08-12,217.53,219.5099,215.6,216.07,38028092,216.784894668909,218.758012919058,214.86150549633,215.329895605714,38028092,0.25,1.0
2024-08-13,221.27,221.89,219.01,219.01,44155331,220.512084049967,221.129960364474,218.259825226119,218.259825226119,44155331,0.0,1.0
2024-08-14,221.72,223.03,219.7,220.57,41960574,220.960542665335,222.266055523407,218.947461769683,219.814481759395,41960574,0.0,1.0
2024-08-15,224.72,225.35,222.76,224.6,46414013,223.950266767789,224.578108829304,221.996980354186,223.830677803691,46414013,0.0,1.0
2024-08-16,226.05,226.8271,223.6501,223.92,44340240,225.275711119877,226.050149319882,222.884031495384,223.153007007135,44340240,0.0,1.0
2024-08-19,225.89,225.99,223.04,225.72,40687813,225.116259167746,225.215916637828,222.276021270415,224.946841468607,40687813,0.0,1.0
2024-08-20,226.51,227.17,225.45,225.77,30299033,225.734135482253,226.391874784793,224.677766299386,224.996670203648,30299033,0.0,1.0
2024-08-21,226.4,227.98,225.05,226.52,34765480,225.624512265163,227.199100292455,224.279136419059,225.744101229261,34765480,0.0,1.0
2024-08-22,224.53,228.34,223.9,227.79,43695321,223.760917574634,227.55786718475,223.133075513118,227.0097510993,43695321,0.0,1.0
2024-08-23,226.84,228.22,224.33,225.6589,38677250,226.063005133523,227.438278220651,223.56160263447,224.885950754387,38677250,0.0,1.0
2024-08-26,227.18,227.28,223.8905,226.76,30602208,226.401840531801,226.501498001883,223.123608053461,225.983279157457,30602208,0.0,1.0
2024-08-27,228.03,228.85,224.89,225.995,35934559,227.248929027496,228.066120282167,224.119684466928,225.220899511332,35934559,0.0,1.0
2024-08-28,226.49,229.86,225.68,227.92,38052167,225.714203988237,229.072660729993,224.906978480574,227.139305810406,38052167,0.0,1.0
2024-08-29,229.79,232.92,228.88,230.1,51906297,229.002900500936,232.122179314495,228.096017523191,229.311838658189,51906297,0.0,1.0
2024-08-30,229.0,230.4,227.48,230.19,52990770,228.215606487289,229.610811068434,226.700812942046,229.401530381263,52990770,0.0,1.0
2024-09-03,222.77,229.0,221.17,228.55,50190574,222.006946101194,228.215606487289,220.412426579886,227.767147871921,50190574,0.0,1.0
2024-09-04,220.85,221.78,217.48,221.66,43262758,220.093522675624,221.020337147384,216.735065933868,220.900748183286,43262758,0.0,1.0
2024-09-05,222.38,225.48,221.52,221.625,36615398,221.618281967875,224.707663540411,220.761227725172,220.865868068758,36615398,0.0,1.0
2024-09-06,220.82,225.24,219.77,223.95,48423011,220.063625434599,224.468485612214,219.017221998741,223.182904248159,48423011,0.0,1.0
2024-09-09,220.91,221.27,216.71,220.82,67179965,220.153317157673,220.512084049967,215.967703414238,220.063625434599,67179965,0.0,1.0
2024-09-10,220.11,221.48,216.73,218.92,51591033,219.356057397019,220.721364737139,215.987634908254,218.170133503045,51591033,0.0,1.0
2024-09-11,222.66,223.09,217.89,221.455,44587072,221.897322884104,222.325850005456,217.143661561203,220.696450369619,44587072,0.0,1.0
2024-09-12,222.77,223.55,219.82,222.5,37498225,222.006946101194,222.784274367832,219.067050733781,221.737870931973,37498225,0.0,1.0
2024-09-13,222.5,224.04,221.91,223.58,36766619,221.737870931973,223.272595971233,221.149891858491,222.814171608857,36766619,0.0,1.0
2024-09-16,216.32,217.22,213.92,216.54,59357427,215.579039280919,216.475956511655,213.187259998956,215.798285715099,59357427,0.0,1.0
2024-09-17,216.79,216.9,214.5,215.75,45519339,216.047429390303,216.157052607393,213.76527332543,215.010991701453,45519339,0.0,1.0
2024-09-18,220.69,222.71,217.54,217.55,59894928,219.934070723493,221.947151619145,216.794860415917,216.804826162925,59894928,0.0,1.0
2024-09-19,228.87,229.82,224.63,224.99,66781315,228.086051776183,229.03279774196,223.860575044715,224.21934193701,66781315,0.0,1.0
2024-09-20,228.2,233.09,227.62,229.97,318679888,227.418346726635,232.291597013634,226.840333400161,229.182283947083,318679888,0.0,1.0
2024-09-23,226.47,229.45,225.81,227.34,54146023,225.69427249422,228.664065102657,225.03653319168,226.561292483932,54146023,0.0,1.0
2024-09-24,227.37,229.35,225.73,228.645,43556068,226.591189724956,228.564407632576,224.956807215615,227.861822468499,43556068,0.0,1.0
2024-09-25,226.37,227.29,224.02,224.93,42308715,225.594615024138,226.511463748891,223.252664477216,224.159547454961,42308715,0.0,1.0
2024-09-26,227.52,228.5,225.41,227.3,36636707,226.740675930079,227.71731913688,224.637903311353,226.521429495899,36636707,0.0,1.0
2024-09-27,227.79,229.52,227.3,228.46,34025967,227.0097510993,228.733825331715,226.521429495899,227.677456148848,34025967,0.0,1.0
2024-09-30,233.0,233.0,229.65,230.04,54793391,232.201905290561,232.201905290561,228.863380042821,229.25204417614,54793391,0.0,1.0
2024-10-01,226.21,229.65,223.74,229.52,63285048,225.435163072008,228.863380042821,222.973623560987,228.733825331715,63285048,0.0,1.0
2024-10-02,226.78,227.37,223.02,225.89,32880605,226.003210651474,226.591189724956,222.256089776399,225.116259167746,32880605,0.0,1.0
2024-10-03,225.67,226.805,223.32,225.14,34044158,224.897012733566,226.028125018994,222.555062186644,224.368828142132,34044158,0.0,1.0
2024-10-04,226.8,228.0,224.13,227.9,37345098,226.02314214549,227.219031786472,223.362287694306,227.11937431639,37345098,0.0,1.0
2024-10-07,221.69,225.69,221.33,224.5,39505354,220.930645424311,224.916944227582,220.571878532016,223.731020333609,39505354,0.0,1.0
2024-10-08,225.77,225.98,223.25,224.3,31855693,224.996670203648,225.205950890819,222.485301957587,223.531705393445,31855693,0.0,1.0
2024-10-09,229.54,229.75,224.83,225.23,33591091,228.753756825731,228.963037512903,224.059889984879,224.458519865206,33591091,0.0,1.0
2024-10-10,229.04,229.5,227.17,227.78,28183544,228.255469475322,228.713893837698,226.391874784793,226.999785352292,28183544,0.0,1.0
2024-10-11,227.55,229.41,227.34,229.3,31759188,226.770573171104,228.624202114625,226.561292483932,228.514578897535,31759188,0.0,1.0
2024-10-14,231.3,231.73,228.6,228.7,39882085,230.50772829917,230.936255420522,227.816976606962,227.916634077044,39882085,0.0,1.0
2024-10-15,233.85,237.49,232.37,233.61,64751367,233.048993786256,236.676525697233,231.574063229046,232.80981585806,64751367,0.0,1.0
2024-10-16,231.78,232.12,229.84,231.6,34082240,230.986084155563,231.324919553841,229.052729235976,230.806700709416,34082240,0.0,1.0
2024-10-17,232.15,233.85,230.52,233.43,32993810,231.354816794866,233.048993786256,229.730400032533,232.630432411913,32993810,0.0,1.0
2024-10-18,235.0,236.18,234.01,236.18,46431472,234.195054692197,235.371012839162,233.208445738387,235.371012839162,46431472,0.0,1.0
2024-10-21,236.48,236.85,234.45,234.45,36254470,235.669985249407,236.03871788871,233.646938606747,233.646938606747,36254470,0.0,1.0
2024-10-22,235.86,236.22,232.6,233.885,38846578,235.0521089349,235.410875827194,231.803275410234,233.083873900785,38846578,0.0,1.0
2024-10-23,230.76,235.144,227.76,234.08,52286979,229.969577960729,234.338561449114,226.979853858275,233.278205967444,52286979,0.0,1.0
2024-10-24,230.57,230.82,228.41,229.98,31109503,229.780228767573,230.029372442778,227.627627413807,229.192249694091,31109503,0.0,1.0
2024-10-25,231.41,233.22,229.57,229.74,38802304,230.61735151626,232.421151724741,228.783654066756,228.953071765895,38802304,0.0,1.0
2024-10-28,233.4,234.73,232.55,233.32,36087134,232.600535170888,233.925979522976,231.753446675193,232.520809194823,36087134,0.0,1.0
2024-10-29,233.67,234.325,232.32,233.1,35417247,232.869610340109,233.522366769144,231.524234494005,232.301562760643,35417247,0.0,1.0
2024-10-30,230.1,233.47,229.55,232.61,47070907,229.311838658189,232.670295399945,228.763722572739,231.813241157242,47070907,0.0,1.0
2024-10-31,225.91,229.83,225.37,229.34,64370086,225.136190661762,229.042763488968,224.598040323321,228.554441885567,64370086,0.0,1.0
2024-11-01,222.91,225.35,220.27,220.965,65276741,222.146466559309,224.578108829304,219.51550934915,220.208128766218,65276741,0.0,1.0
2024-11-04,222.01,222.79,219.71,220.99,44944468,221.249549328573,222.02687759521,218.957427516692,220.233043133738,44944468,0.0,1.0
2024-11-05,223.45,223.95,221.14,221.795,28111338,222.68461689775,223.182904248159,220.382529338861,221.035285767897,28111338,0.0,1.0
2024-11-06,222.72,226.065,221.19,222.61,54561121,221.957117366153,225.290659740389,220.432358073902,221.847494149063,54561121,0.0,1.0
2024-11-07,227.48,227.875,224.57,224.625,42137691,226.700812942046,227.094459948869,223.800780562666,223.855592171211,42137691,0.0,1.0
2024-11-08,226.96,228.66,226.405,227.17,38328824,226.431737772825,228.127780926746,225.878029566693,226.641248985957,38328824,0.25,1.0
2024-11-11,224.23,225.7,221.5,225.0,42005602,223.708092002118,225.174670494037,220.98444623141,224.476299783599,42005602,0.0,1.0
2024-11-12,224.23,225.59,223.355,224.55,40398299,223.708092002118,225.064926525254,222.83512861407,224.027347184032,40398299,0.0,1.0
2024-11-13,225.12,226.65,222.76,224.01,48566217,224.596020476817,226.122459315346,222.241513510198,223.488604064552,48566217,0.0,1.0
2024-11-14,228.22,228.87,225.0,225.02,44923941,227.688805051614,228.337292139877,224.476299783599,224.496253232469,44923941,0.0,1.0
2024-11-15,225.0,226.92,224.27,226.4,47923696,224.476299783599,226.391830875086,223.747998899857,225.873041204475,47923696,0.0,1.0
2024-11-18,228.02,229.74,225.17,225.25,44686020,227.489270562917,229.205267165707,224.645904098991,224.72571789447,44686020,0.0,1.0
2024-11-19,228.28,230.16,226.66,226.98,36211774,227.748665398223,229.62428959197,226.132436039781,226.451691221695,36211774,0.0,1.0
2024-11-20,229.0,229.93,225.89,228.06,35169566,228.46698955753,229.394824929969,225.364228258299,227.529177460656,35169566,0.0,1.0
2024-11-21,228.52,230.155,225.7103,228.88,42108327,227.988106784658,229.619301229753,225.184946520205,228.347268864312,42108327,0.0,1.0
2024-11-22,229.87,230.7199,228.06,228.06,38168252,229.33496458336,230.182886393076,227.529177460656,227.529177460656,38168252,0.0,1.0
2024-11-25,232.87,233.245,229.74,231.46,90152832,232.327981913808,232.702109080114,229.205267165707,230.921263768497,90152832,0.0,1.0
2024-11-26,235.06,235.57,233.33,233.33,45986189,234.512884565035,235.021697511211,232.78691123781,232.78691123781,45986189,0.0,1.0
2024-11-27,234.93,235.69,233.8101,234.465,33498439,234.383187147382,235.141418204429,233.265893777926,233.919269461163,33498439,0.0,1.0
2024-11-29,237.33,237.81,233.97,234.81,28481377,236.777601011741,237.256483784612,233.425421601639,234.263466454164,28481377,0.0,1.0
2024-12-02,239.59,240.79,237.16,237.27,48137103,239.032340734011,240.229547666191,236.607996696349,236.717740665132,48137103,0.0,1.0
2024-12-03,242.65,242.76,238.9,239.81,38861017,242.085218411068,242.194962379852,238.343946748008,239.251828671578,38861017,0.0,1.0
2024-12-04,243.01,244.11,241.25,242.87,44383935,242.444380490722,243.541820178553,240.688476990193,242.304706348635,44383935,0.0,1.0
2024-12-05,243.04,244.54,242.13,243.99,40033878,242.474310664027,243.970819329251,241.566428740457,243.422099485335,40033878,0.0,1.0
2024-12-06,242.84,244.63,242.08,242.905,36870619,242.27477617533,244.060609849164,241.516545118283,242.339624884157,36870619,0.0,1.0
2024-12-09,246.75,247.24,241.75,241.83,44649232,246.175675429347,246.664534926654,241.187313211934,241.267127007413,44649232,0.0,1.0
2024-12-10,247.77,248.21,245.34,246.89,36914806,247.1933013217,247.632277196832,244.768957284037,246.315349571435,36914806,0.0,1.0
2024-12-11,246.49,250.8,246.2601,247.96,45205814,245.916280594042,250.216248825452,245.686915699285,247.382859085961,45205814,0.0,1.0
2024-12-12,247.96,248.74,245.68,246.89,32777532,247.382859085961,248.161043591878,245.108165914821,246.315349571435,32777532,0.0,1.0
2024-12-13,248.13,249.2902,246.24,247.815,33155290,247.552463401353,248.709962970282,245.666862483171,247.238196581656,33155290,0.0,1.0
2024-12-16,251.04,251.38,247.65,247.99,51694753,250.455690211888,250.794898842672,247.073580628482,247.412789259266,51694753,0.0,1.0
2024-12-17,253.48,253.83,249.78,250.08,51356360,252.890010973986,253.239196329205,249.1986229331,249.497924666145,51356360,0.0,1.0
2024-12-18,248.05,254.28,247.74,252.16,56774101,247.472649605875,253.688148928772,247.163371148395,251.573083348589,56774101,0.0,1.0
2024-12-19,249.79,252.0,247.0949,247.5,60882264,249.208599657535,251.413455757631,246.519772655105,246.923929761959,60882264,0.0,1.0
2024-12-20,254.49,255.0,245.69,248.04,147495267,253.897660141903,254.406473088079,245.118142639256,247.46267288144,147495267,0.0,1.0
2024-12-23,255.27,255.65,253.45,254.77,40858774,254.67584464782,255.054960176343,252.860080800681,254.177008426078,40858774,0.0,1.0
2024-12-24,258.2,258.21,255.29,255.49,23234705,257.599024907224,257.609001631659,254.695798096689,254.895332585386,23234705,0.0,1.0
2024-12-26,259.02,260.1,257.63,258.19,27262983,258.41711631088,259.494602549841,257.030351614439,257.589048182789,27262983,0.0,1.0
2024-12-27,255.59,258.7,253.06,257.83,42355321,254.995099829734,258.097861128965,252.470988547723,257.229886103135,42355321,0.0,1.0
2024-12-30,252.2,253.5,250.75,252.23,35557542,251.612990246328,252.909964422855,250.166365203278,251.642920419632,35557542,0.0,1.0
2024-12-31,250.42,253.28,249.43,252.44,39480718,249.837133296929,252.690476485289,248.849437577881,251.852431632764,39480718,0.0,1.0
2025-01-02,243.85,249.1,241.8201,248.93,55740731,243.282425343248,248.520205671532,241.257250050222,248.35060135614,55740731,0.0,1.0
2025-01-03,243.36,244.18,241.89,243.36,40244114,242.793565845941,243.611657249597,241.326987354022,242.793565845941,40244114,0.0,1.0
2025-01-06,245.0,247.33,243.2,244.31,45045571,244.429748653253,246.754325446567,242.633938254984,243.74135466725,45045571,0.0,1.0
2025-01-07,242.21,245.55,241.35,242.98,40855960,241.646242535936,244.978468497168,240.788244234541,242.414450317418,40855960,0.0,1.0
2025-01-08,242.7,243.7123,240.05,241.92,37628940,242.135102033243,243.14504584778,239.491270058013,241.356917527326,37628940,0.0,1.0
2025-01-10,236.85,240.16,233.0,240.01,61710856,236.298718238869,239.601014026797,232.457679331461,239.451363160274,61710856,0.0,1.0
2025-01-13,234.4,234.67,229.72,233.53,49630725,233.854420752336,234.123792312077,229.185313716838,232.986445726507,49630725,0.0,1.0
2025-01-14,233.28,236.12,232.472,234.75,39435294,232.737027615636,235.570417355127,231.930908281302,234.203606107555,39435294,0.0,1.0
2025-01-15,237.87,238.96,234.43,234.635,39831969,237.316344131221,238.403807094617,233.884350925641,234.088873776555,39831969,0.0,1.0
2025-01-16,228.26,238.01,228.03,237.35,71759052,227.728711949353,237.456018273309,227.499247287352,236.79755446061,71759052,0.0,1.0
2025-01-17,229.98,232.29,228.48,232.115,68488301,229.444708552143,231.749331896588,227.948199886919,231.574739218979,68488301,0.0,1.0
2025-01-21,222.64,224.42,219.38,224.0,98070429,222.12179281698,223.897649766379,218.869380651227,223.478627340117,98070429,0.0,1.0
2025-01-22,223.83,224.12,219.79,219.79,64126500,223.309023024725,223.598348033335,219.278426353055,219.278426353055,64126500,0.0,1.0
2025-01-23,223.66,227.03,222.3,224.74,60234760,223.139418709333,226.501574843869,221.782584186196,224.216904948294,60234760,0.0,1.0
2025-01-24,222.78,225.63,221.41,224.78,54697907,222.261466959068,225.104833422993,220.894655711497,224.256811846033,54697907,0.0,1.0
2025-01-27,229.86,232.15,223.98,224.02,94863418,229.324987858925,231.6096577545,223.458673891247,223.498580788986,94863418,0.0,1.0
2025-01-28,238.26,240.19,230.81,230.85,75707569,237.70543638418,239.630944200101,230.272776680234,230.312683577973,75707569,0.0,1.0
2025-01-29,239.36,239.855,234.01,234.12,45486100,238.80287607201,239.296723931534,233.465328499378,233.575072468161,45486100,0.0,1.0
2025-01-30,237.59,240.79,237.21,238.665,55658279,237.036995847046,240.229547666191,236.657880318523,238.10949372379,55658279,0.0,1.0
2025-01-31,236.0,247.19,233.44,247.19,101075128,235.450696661909,246.61465130448,232.896655206593,246.61465130448,101075128,0.0,1.0
2025-02-03,228.01,231.83,225.7,229.99,73063301,227.479293838482,231.290402572586,225.174670494037,229.454685276578,73063301,0.0,1.0
2025-02-04,232.8,233.13,226.65,227.25,45067301,232.258144842764,232.587376749113,226.122459315346,226.721062781435,45067301,0.0,1.0
2025-02-05,232.47,232.67,228.27,228.53,39664989,231.928912936415,232.128447425111,227.738688673788,227.998083509093,39664989,0.0,1.0
2025-02-06,233.22,233.8,230.425,231.285,29925349,232.677167269027,233.255817286247,229.888672789493,230.746671090888,29925349,0.0,1.0
2025-02-07,227.63,234.0,227.26,232.6,39707224,227.100178309959,233.455351774943,226.73103950587,232.058610354068,39707224,0.0,1.0
2025-02-10,227.65,230.585,227.2,229.57,33115645,227.369549869699,230.30093413883,226.920104240701,229.287184553423,33115645,0.25,1.0
2025-02-11,232.62,235.23,228.13,228.2,53718362,232.333427149964,234.940211798152,227.84895854063,227.918872305141,53718362,0.0,1.0
2025-02-12,236.87,236.96,230.68,231.2,45243292,236.578191423833,236.668080549633,230.395817104951,230.91517649846,45243292,0.0,1.0
2025-02-13,241.53,242.3399,235.57,236.91,53614054,241.232450604122,242.041352859512,235.279792940062,236.618142146411,53614054,0.0,1.0
2025-02-14,244.6,245.55,240.99,241.25,40896227,244.298668561952,245.24749822317,240.693115849325,240.952795546079,40896227,0.0,1.0
2025-02-18,244.47,245.18,241.84,244.15,48822491,244.168828713575,244.877954039327,241.542068704099,243.849222932954,48822491,0.0,1.0
2025-02-19,244.87,246.01,243.1604,244.66,32204215,244.568335939351,245.706931532812,242.860842056385,244.358594645819,32204215,0.0,1.0
2025-02-20,245.83,246.78,244.29,244.94,32316907,245.527153281213,246.475982942431,243.989050461976,244.638249703862,32316907,0.0,1.0
2025-02-21,245.55,248.69,245.22,245.95,53197431,245.24749822317,248.383629945511,244.917904761905,245.647005448946,53197431,0.0,1.0
2025-02-24,247.1,248.86,244.42,244.925,51326396,246.795588723051,248.553420516465,244.118890310353,244.623268182895,51326396,0.0,1.0
2025-02-25,247.04,250.0,244.91,248.0,48013272,246.735662639185,249.692016109927,244.608286661928,247.694479981047,48013272,0.0,1.0
2025-02-26,240.36,244.98,239.13,244.33,44433564,240.063891968728,244.678200426439,238.835407249467,244.029001184553,44433564,0.0,1.0
2025-02-27,237.3,242.46,237.06,239.41,41153639,237.007661691542,242.161304904051,236.767957356077,239.11506230751,41153639,0.0,1.0
2025-02-28,241.84,242.09,230.2,236.95,56833360,241.542068704099,241.791760720208,229.91640843402,236.658092868988,56833360,0.0,1.0
2025-03-03,238.03,244.0272,236.112,241.79,47183985,237.736762378583,243.726574214641,235.821125230988,241.492130300877,47183985,0.0,1.0
2025-03-04,235.93,240.07,234.68,237.705,53798062,235.63934944326,239.77424923004,234.39088936271,237.41216275764,53798062,0.0,1.0
2025-03-05,235.74,236.55,229.23,235.42,47227643,235.449583511016,236.258585643213,228.947603411514,235.129977730396,47227643,0.0,1.0
2025-03-06,235.33,237.86,233.1581,234.435,45170419,235.040088604596,237.566971807629,232.870864245439,234.146191186923,45170419,0.0,1.0
2025-03-07,239.07,241.37,234.76,235.105,46273565,238.775481165601,241.072647713812,234.470790807865,234.815365790097,46273565,0.0,1.0
2025-03-10,227.48,236.16,224.22,235.54,71451281,227.199759298744,235.869066098081,223.943775408671,235.249829898128,71451281,0.0,1.0
2025-03-11,220.84,225.8399,217.45,223.805,76137410,220.567939350865,225.561679796257,217.182115612414,223.529286661928,76137410,0.0,1.0
2025-03-12,216.98,221.75,214.91,220.14,62547467,216.712694622127,221.476818289505,214.645244728737,219.868801705757,62547467,0.0,1.0
2025-03-13,209.68,216.8394,208.42,215.95,61368330,209.421687751718,216.572267832267,208.163239990524,215.683963515755,61368330,0.0,1.0
2025-03-14,213.49,213.95,209.58,211.25,60107582,213.226994077233,213.686427386875,209.321810945274,210.989753612888,60107582,0.0,1.0
2025-03-17,214.0,215.22,209.97,213.31,48073426,213.736365790097,214.954862828714,209.711330490405,213.047215825634,48073426,0.0,1.0
2025-03-18,212.69,215.15,211.49,214.16,42432426,212.427979625681,214.884949064203,211.229457948353,213.896168680407,42432426,0.0,1.0
2025-03-19,215.24,218.76,213.75,214.22,54385391,214.974838190002,218.49050177683,213.486673773987,213.956094764274,54385391,0.0,1.0
2025-03-20,214.1,217.4899,212.22,213.99,48862947,213.836242596541,217.221966458185,211.958558635394,213.726378109453,48862947,0.0,1.0
2025-03-21,218.27,218.84,211.28,211.56,94127768,218.001105425255,218.570403221985,211.019716654821,211.299371712864,94127768,0.0,1.0
2025-03-24,220.73,221.48,218.58,221.0,44299483,220.458074863776,221.207150912106,218.310723525231,220.727742241175,44299483,0.0,1.0
2025-03-25,223.75,224.1,220.08,220.77,34493583,223.474354418384,223.823923240938,219.808875621891,220.498025586354,34493583,0.0,1.0
2025-03-26,221.53,225.02,220.47,223.51,34532656,221.257089315328,224.742789860223,220.198395167022,223.234650082919,34532656,0.0,1.0
2025-03-27,223.85,224.99,220.5601,221.39,37094774,223.574231224828,224.712826818289,220.288384169628,221.117261786307,37094774,0.0,1.0
2025-03-28,217.9,223.81,217.68,221.67,39818617,217.631561241412,223.534280502251,217.411832267235,221.39691684435,39818617,0.0,1.0
2025-03-31,222.13,225.62,216.23,217.005,65299321,221.856350153992,225.342050698887,215.963618573798,216.737663823738,65299321,0.0,1.0
2025-04-01,223.19,223.68,218.9,219.805,36412740,222.915044302298,223.404440653874,218.630329305852,219.53421440417,36412740,0.0,1.0
2025-04-02,223.89,225.19,221.02,221.315,35905904,223.614181947406,224.912580431177,220.747717602464,221.042354181474,35905904,0.0,1.0
2025-04-03,203.19,207.49,201.25,205.54,103419006,202.939683013504,207.234385690595,201.002072968491,205.286787964937,103419006,0.0,1.0
2025-04-04,188.38,199.88,187.34,193.89,125910913,188.147927979152,199.633760720208,187.109209192135,193.651140014215,125910913,0.0,1.0
2025-04-07,181.46,194.15,174.62,177.2,160466286,181.236452973229,193.910819710969,174.404879412461,176.981701018716,160466286,0.0,1.0
2025-04-08,172.42,190.335,169.2101,186.7,120859491,172.207589670694,190.100519545132,169.001644060649,186.469997630893,120859491,0.0,1.0
2025-04-09,198.85,200.61,171.89,171.95,184395885,198.605029613836,200.362861407249,171.678242596541,171.738168680407,184395885,0.0,1.0
2025-04-10,190.42,194.7799,183.0,189.065,121879981,190.185414830609,194.53994371476,182.774555792466,188.832084103293,121879981,0.0,1.0
2025-04-11,198.15,199.54,186.06,186.1,87435915,197.905891968728,199.294179578299,185.830786069652,185.870736792229,87435915,0.0,1.0
2025-04-14,202.52,212.94,201.1621,211.44,101352911,202.270508410329,212.677671641791,200.914281255627,211.179519545131,101352911,0.0,1.0
2025-04-15,202.14,203.51,199.8,201.855,51343872,201.890976545842,203.259288794125,199.553859275053,201.606327647477,51343872,0.0,1.0
2025-04-16,194.27,200.7,192.37,198.36,59732423,194.030671878702,200.452750533049,192.133012556266,198.11563326226,59732423,0.0,1.0
2025-04-17,196.98,198.8335,194.42,197.2,52164675,196.737333333333,198.588549940772,194.180487088368,196.95706230751,52164675,0.0,1.0
2025-04-21,193.16,193.8,189.8112,193.265,46742537,192.922039327174,193.561250888415,189.577364832978,193.02690997394,46742537,0.0,1.0
2025-04-22,199.74,201.59,195.97,196.12,52976371,199.493933191187,201.3416541104,195.728577588249,195.878392797915,52976371,0.0,1.0
2025-04-23,204.6,208.0,202.799,206.0,52929165,204.347945984364,207.743757403459,202.549164700308,205.746221274579,52929165,0.0,1.0
2025-04-24,208.37,208.8299,202.94,204.89,47310989,208.113301587302,208.572635020137,202.689990997394,204.637588723051,47310989,0.0,1.0
2025-04-25,209.28,209.75,206.2,206.365,38222258,209.022180525942,209.491601516228,205.945974887467,206.1107716181,38222258,0.0,1.0
2025-04-28,210.14,211.5,207.46,210.0,38743074,209.88112106136,211.239445628998,207.204422648661,209.741293532338,38743074,0.0,1.0
2025-04-29,211.21,212.24,208.37,208.693,36827633,210.94980289031,211.978533996683,208.113301587302,208.435903672116,36827633,0.0,1.0
2025-04-30,212.5,213.58,206.6705,209.3,52286454,212.238213693438,213.316883203032,206.415895261786,209.042155887231,52286454,0.0,1.0
2025-05-01,213.32,214.56,208.9,209.08,57365675,213.057203506278,214.295675906183,208.642648661455,208.822426913054,57365675,0.0,1.0
2025-05-02,205.35,206.99,202.16,206.09,101010621,205.097022032694,206.735001658375,201.910951907131,205.836110400379,101010621,0.0,1.0
2025-05-05,198.89,204.1,198.21,203.1,69018452,198.644980336413,203.848561952144,197.965818052594,202.849793887704,69018452,0.0,1.0
2025-05-06,198.51,200.65,197.02,198.21,51216482,198.265448471926,200.402812129827,196.777284055911,197.965818052594,51216482,0.0,1.0
2025-05-07,196.25,199.44,193.25,199.17,68616943,196.008232646292,199.194302771855,193.011928452973,198.924635394456,68616943,0.0,1.0
2025-05-08,197.49,200.05,194.6796,197.72,50478872,197.246705046198,199.803551291163,194.439767277896,197.476421701019,50478872,0.0,1.0
2025-05-09,198.53,200.5399,197.535,199.0,36453923,198.285423833215,200.292847765932,197.291649609097,198.754844823502,36453923,0.0,1.0
2025-05-12,210.79,211.2679,206.75,210.97,63775814,210.79,211.2679,206.75,210.97,63775814,0.26,1.0
2025-05-13,212.93,213.4,209.0,210.43,51909332,212.93,213.4,209.0,210.43,51909332,0.0,1.0
2025-05-14,212.33,213.94,210.5801,212.43,49325825,212.33,213.94,210.5801,212.43,49325825,0.0,1.0
